{"cameraMode":{"drawMode":0,"name":"Shaded","section":"Shading Mode"},"sceneLighting":false,"audioPlay":false,"sceneViewState":{"m_AlwaysRefresh":false,"showFog":true,"showSkybox":false,"showFlares":true,"showImageEffects":true,"showParticleSystems":true,"showVisualEffectGraphs":true,"m_FxEnabled":true},"in2DMode":false,"pivot":{"x":-2.439150810241699,"y":0.17592135071754456,"z":36.92787551879883},"rotation":{"x":0.04218766838312149,"y":0.5938848853111267,"z":-0.031207619234919549,"w":0.8028366565704346},"size":0.4620906412601471,"orthographic":false}