{"cameraMode":{"drawMode":0,"name":"Shaded","section":"Shading Mode"},"sceneLighting":false,"audioPlay":false,"sceneViewState":{"m_AlwaysRefresh":false,"showFog":true,"showSkybox":false,"showFlares":true,"showImageEffects":true,"showParticleSystems":true,"showVisualEffectGraphs":true,"m_FxEnabled":true},"in2DMode":false,"pivot":{"x":-2.439150810241699,"y":0.3171781599521637,"z":36.893306732177737},"rotation":{"x":0.05989548936486244,"y":0.34594792127609255,"z":-0.022135555744171144,"w":0.9360880255699158},"size":0.4620906412601471,"orthographic":true}